operation,batch,block,grid,median_total_ms,throughput_ops_s,warmups,samples,timing_scope
KeyGen,1,16,1,33.251294,30.07401757056432,3,7,full synchronous host API
Encaps,1,16,1,33.725551,29.651109332505786,3,7,full synchronous host API
Decaps,1,16,1,58.796567,17.007795710249546,3,7,full synchronous host API
KeyGen,1,32,1,32.268106,30.990353136933415,3,7,full synchronous host API
Encaps,1,32,1,34.510239,28.97690740420546,3,7,full synchronous host API
Decaps,1,32,1,59.496079,16.807830310968896,3,7,full synchronous host API
KeyGen,1,64,1,31.87343,31.37409434754904,3,7,full synchronous host API
Encaps,1,64,1,33.923094,29.478443210398204,3,7,full synchronous host API
Decaps,1,64,1,59.175247,16.89895776860889,3,7,full synchronous host API
KeyGen,1,128,1,32.863996,30.42843603072493,3,7,full synchronous host API
Encaps,1,128,1,34.376133,29.08995028614766,3,7,full synchronous host API
Decaps,1,128,1,59.224542,16.884892077341856,3,7,full synchronous host API
KeyGen,1,192,1,32.036665,31.214235314443624,3,7,full synchronous host API
Encaps,1,192,1,33.383005,29.95536201728994,3,7,full synchronous host API
Decaps,1,192,1,59.861089,16.70534259742585,3,7,full synchronous host API
KeyGen,1,256,1,32.287616,30.971627016376804,3,7,full synchronous host API
Encaps,1,256,1,34.348681,29.113199426784394,3,7,full synchronous host API
Decaps,1,256,1,59.625312,16.771400709819346,3,7,full synchronous host API
KeyGen,32,16,2,32.560331,982.7909918974718,3,7,full synchronous host API
Encaps,32,16,2,33.689921,949.8389740955463,3,7,full synchronous host API
Decaps,32,16,2,58.420164,547.7560795618444,3,7,full synchronous host API
KeyGen,32,32,1,32.601793,981.5411072636404,3,7,full synchronous host API
Encaps,32,32,1,33.979627,941.7407671955905,3,7,full synchronous host API
Decaps,32,32,1,59.244724,540.1324850462634,3,7,full synchronous host API
KeyGen,32,64,1,32.316055,990.2198767764197,3,7,full synchronous host API
Encaps,32,64,1,33.713131,949.1850519609111,3,7,full synchronous host API
Decaps,32,64,1,59.451304,538.2556453261311,3,7,full synchronous host API
KeyGen,32,128,1,32.631331,980.652612668481,3,7,full synchronous host API
Encaps,32,128,1,32.95575,970.9989910713608,3,7,full synchronous host API
Decaps,32,128,1,59.415691,538.5782688280104,3,7,full synchronous host API
KeyGen,32,192,1,33.396789,958.175949190804,3,7,full synchronous host API
Encaps,32,192,1,34.685805,922.5676036638042,3,7,full synchronous host API
Decaps,32,192,1,59.446348,538.3005193186973,3,7,full synchronous host API
KeyGen,32,256,1,32.671488,979.4472783119031,3,7,full synchronous host API
Encaps,32,256,1,34.450122,928.8791488169476,3,7,full synchronous host API
Decaps,32,256,1,59.153807,540.9626467490081,3,7,full synchronous host API
KeyGen,128,16,8,32.975785,3881.636176363959,3,7,full synchronous host API
Encaps,128,16,8,34.637929,3695.371048309499,3,7,full synchronous host API
Decaps,128,16,8,60.362992,2120.504563458352,3,7,full synchronous host API
KeyGen,128,32,4,33.153824,3860.7914429418456,3,7,full synchronous host API
Encaps,128,32,4,35.505673,3605.0577044406396,3,7,full synchronous host API
Decaps,128,32,4,60.891532,2102.0985315330877,3,7,full synchronous host API
KeyGen,128,64,2,32.815166,3900.635456179012,3,7,full synchronous host API
Encaps,128,64,2,35.810168,3574.403783863846,3,7,full synchronous host API
Decaps,128,64,2,60.146851,2128.124712630425,3,7,full synchronous host API
KeyGen,128,128,1,34.171387,3745.823954994861,3,7,full synchronous host API
Encaps,128,128,1,35.77708,3577.7095279994905,3,7,full synchronous host API
Decaps,128,128,1,60.78724,2105.7050788948472,3,7,full synchronous host API
KeyGen,128,192,1,32.593766,3927.13134161913,3,7,full synchronous host API
Encaps,128,192,1,35.061115,3650.7680945115408,3,7,full synchronous host API
Decaps,128,192,1,60.86487,2103.0193607576916,3,7,full synchronous host API
KeyGen,128,256,1,32.730614,3910.711849157489,3,7,full synchronous host API
Encaps,128,256,1,35.527343,3602.858789637041,3,7,full synchronous host API
Decaps,128,256,1,61.03664,2097.1010199775087,3,7,full synchronous host API
KeyGen,512,16,32,35.256316,14522.220642678607,3,7,full synchronous host API
Encaps,512,16,32,37.59878,13617.463119813994,3,7,full synchronous host API
Decaps,512,16,32,62.653335,8171.951261652712,3,7,full synchronous host API
KeyGen,512,32,16,35.892624,14264.769274043603,3,7,full synchronous host API
Encaps,512,32,16,37.642324,13601.710670148845,3,7,full synchronous host API
Decaps,512,32,16,62.818254,8150.497146896187,3,7,full synchronous host API
KeyGen,512,64,8,36.3265,14094.393899770139,3,7,full synchronous host API
Encaps,512,64,8,37.985486,13478.83241509665,3,7,full synchronous host API
Decaps,512,64,8,62.643536,8173.229557156544,3,7,full synchronous host API
KeyGen,512,128,4,35.414893,14457.19460454109,3,7,full synchronous host API
Encaps,512,128,4,38.899284,13162.19599311905,3,7,full synchronous host API
Decaps,512,128,4,63.887652,8014.068195838532,3,7,full synchronous host API
KeyGen,512,192,3,36.53754,14012.985001179608,3,7,full synchronous host API
Encaps,512,192,3,39.483394,12967.476909406523,3,7,full synchronous host API
Decaps,512,192,3,64.965236,7881.13815210338,3,7,full synchronous host API
KeyGen,512,256,2,37.273314,13736.369135301466,3,7,full synchronous host API
Encaps,512,256,2,40.18903,12739.794914184293,3,7,full synchronous host API
Decaps,512,256,2,64.913265,7887.447966143746,3,7,full synchronous host API
KeyGen,1024,16,64,38.961251,26282.52362841224,3,7,full synchronous host API
Encaps,1024,16,64,43.107622,23754.499842278474,3,7,full synchronous host API
Decaps,1024,16,64,68.077389,15041.704963155977,3,7,full synchronous host API
KeyGen,1024,32,32,38.352185,26699.912925430457,3,7,full synchronous host API
Encaps,1024,32,32,43.689381,23438.189705640372,3,7,full synchronous host API
Decaps,1024,32,32,67.502135,15169.890552350678,3,7,full synchronous host API
KeyGen,1024,64,16,39.117447,26177.577488633142,3,7,full synchronous host API
Encaps,1024,64,16,42.878633,23881.35834460954,3,7,full synchronous host API
Decaps,1024,64,16,67.596904,15148.622783078943,3,7,full synchronous host API
KeyGen,1024,128,8,39.189633,26129.359261925212,3,7,full synchronous host API
Encaps,1024,128,8,43.353866,23619.577548170677,3,7,full synchronous host API
Decaps,1024,128,8,66.781129,15333.67308001037,3,7,full synchronous host API
KeyGen,1024,192,6,38.992065,26261.75351318275,3,7,full synchronous host API
Encaps,1024,192,6,44.590276,22964.64816678865,3,7,full synchronous host API
Decaps,1024,192,6,69.64294,14703.572250108913,3,7,full synchronous host API
KeyGen,1024,256,4,40.189635,25479.206267984267,3,7,full synchronous host API
Encaps,1024,256,4,43.810411,23373.439705918303,3,7,full synchronous host API
Decaps,1024,256,4,69.364787,14762.533618102221,3,7,full synchronous host API
KeyGen,2048,16,128,45.341575,45168.258932337485,3,7,full synchronous host API
Encaps,2048,16,128,53.137847,38541.26795916289,3,7,full synchronous host API
Decaps,2048,16,128,77.241699,26514.175976372557,3,7,full synchronous host API
KeyGen,2048,32,64,43.454799,47129.43212555189,3,7,full synchronous host API
Encaps,2048,32,64,50.859504,40267.79340986101,3,7,full synchronous host API
Decaps,2048,32,64,74.261631,27578.17155941539,3,7,full synchronous host API
KeyGen,2048,64,32,42.858368,47785.300644205585,3,7,full synchronous host API
Encaps,2048,64,32,51.49732,39769.05982680264,3,7,full synchronous host API
Decaps,2048,64,32,76.445741,26790.24329164394,3,7,full synchronous host API
KeyGen,2048,128,16,43.246582,47356.343675900214,3,7,full synchronous host API
Encaps,2048,128,16,51.560726,39720.15444468334,3,7,full synchronous host API
Decaps,2048,128,16,77.275815,26502.470404226733,3,7,full synchronous host API
KeyGen,2048,192,11,43.498008,47082.61582921223,3,7,full synchronous host API
Encaps,2048,192,11,50.814033,40303.82709437765,3,7,full synchronous host API
Decaps,2048,192,11,74.018497,27668.75960748028,3,7,full synchronous host API
KeyGen,2048,256,8,43.102344,47514.817291607156,3,7,full synchronous host API
Encaps,2048,256,8,50.729561,40370.93875107652,3,7,full synchronous host API
Decaps,2048,256,8,75.538099,27112.14641501635,3,7,full synchronous host API
KeyGen,4096,16,256,57.523152,71206.11193211387,3,7,full synchronous host API
Encaps,4096,16,256,71.034704,57661.95633052824,3,7,full synchronous host API
Decaps,4096,16,256,96.099671,42622.41438891086,3,7,full synchronous host API
KeyGen,4096,32,128,55.38558,73954.26751872961,3,7,full synchronous host API
Encaps,4096,32,128,70.394325,58186.508642564586,3,7,full synchronous host API
Decaps,4096,32,128,93.875321,43632.340815111565,3,7,full synchronous host API
KeyGen,4096,64,64,55.427072,73898.90629618682,3,7,full synchronous host API
Encaps,4096,64,64,68.117098,60131.74548334399,3,7,full synchronous host API
Decaps,4096,64,64,91.023952,44999.14484047012,3,7,full synchronous host API
KeyGen,4096,128,32,54.620265,74990.48201249115,3,7,full synchronous host API
Encaps,4096,128,32,68.095896,60150.467804990774,3,7,full synchronous host API
Decaps,4096,128,32,94.922056,43151.19343811938,3,7,full synchronous host API
KeyGen,4096,192,22,55.50054,73801.08373720327,3,7,full synchronous host API
Encaps,4096,192,22,69.315299,59092.29360750504,3,7,full synchronous host API
Decaps,4096,192,22,95.521131,42880.56430152612,3,7,full synchronous host API
KeyGen,4096,256,16,58.529064,69982.32536231914,3,7,full synchronous host API
Encaps,4096,256,16,73.028223,56087.90453520963,3,7,full synchronous host API
Decaps,4096,256,16,97.617978,41959.48414338187,3,7,full synchronous host API
KeyGen,8192,16,512,99.354426,82452.29055019653,3,7,full synchronous host API
Encaps,8192,16,512,124.338813,65884.4957768738,3,7,full synchronous host API
Decaps,8192,16,512,149.029339,54969.04203540754,3,7,full synchronous host API
KeyGen,8192,32,256,78.040535,104971.0897035752,3,7,full synchronous host API
Encaps,8192,32,256,104.873102,78113.45181722574,3,7,full synchronous host API
Decaps,8192,32,256,126.560446,64727.964059165846,3,7,full synchronous host API
KeyGen,8192,64,128,76.963194,106440.4889433253,3,7,full synchronous host API
Encaps,8192,64,128,103.483296,79162.53459882067,3,7,full synchronous host API
Decaps,8192,64,128,124.604113,65744.21825064474,3,7,full synchronous host API
KeyGen,8192,128,64,78.151598,104821.91291853046,3,7,full synchronous host API
Encaps,8192,128,64,105.109862,77937.50124036886,3,7,full synchronous host API
Decaps,8192,128,64,124.965793,65553.93922879359,3,7,full synchronous host API
KeyGen,8192,192,43,76.492394,107095.61528431179,3,7,full synchronous host API
Encaps,8192,192,43,103.362215,79255.26750757034,3,7,full synchronous host API
Decaps,8192,192,43,124.697513,65694.97500724012,3,7,full synchronous host API
KeyGen,8192,256,32,77.978445,105054.67248032455,3,7,full synchronous host API
Encaps,8192,256,32,106.109826,77203.0292463207,3,7,full synchronous host API
Decaps,8192,256,32,127.973023,64013.49134340602,3,7,full synchronous host API
KeyGen,16384,16,1024,155.851337,105125.8225651282,3,7,full synchronous host API
Encaps,16384,16,1024,212.999457,76920.38388623686,3,7,full synchronous host API
Decaps,16384,16,1024,239.418468,68432.48199215777,3,7,full synchronous host API
KeyGen,16384,32,512,141.098169,116117.73643923046,3,7,full synchronous host API
Encaps,16384,32,512,191.291189,85649.52774693663,3,7,full synchronous host API
Decaps,16384,32,512,216.48134,75683.19745249175,3,7,full synchronous host API
KeyGen,16384,64,256,127.947776,128052.24531608896,3,7,full synchronous host API
Encaps,16384,64,256,181.87756,90082.5808307523,3,7,full synchronous host API
Decaps,16384,64,256,203.715192,80426.00966156712,3,7,full synchronous host API
KeyGen,16384,128,128,128.145479,127854.68615712928,3,7,full synchronous host API
Encaps,16384,128,128,180.152544,90945.1492397465,3,7,full synchronous host API
Decaps,16384,128,128,201.472681,81321.19907611693,3,7,full synchronous host API
KeyGen,16384,192,86,129.67669,126344.98921895676,3,7,full synchronous host API
Encaps,16384,192,86,181.19386,90422.49003360268,3,7,full synchronous host API
Decaps,16384,192,86,204.046674,80295.3543854383,3,7,full synchronous host API
KeyGen,16384,256,64,133.340792,122873.12647730486,3,7,full synchronous host API
Encaps,16384,256,64,187.637367,87317.36253792135,3,7,full synchronous host API
Decaps,16384,256,64,211.308489,77535.92899904745,3,7,full synchronous host API
KeyGen,32768,16,2048,299.740589,109321.19707017724,3,7,full synchronous host API
Encaps,32768,16,2048,402.929772,81324.34552391428,3,7,full synchronous host API
Decaps,32768,16,2048,443.439878,73895.02303624574,3,7,full synchronous host API
KeyGen,32768,32,1024,260.057807,126002.75445681966,3,7,full synchronous host API
Encaps,32768,32,1024,352.68767,92909.40054694851,3,7,full synchronous host API
Decaps,32768,32,1024,390.698586,83870.28050313958,3,7,full synchronous host API
KeyGen,32768,64,512,258.867597,126582.08435411096,3,7,full synchronous host API
Encaps,32768,64,512,359.134209,91241.65612415942,3,7,full synchronous host API
Decaps,32768,64,512,402.872652,81335.87583403403,3,7,full synchronous host API
KeyGen,32768,128,256,260.134688,125965.5152180243,3,7,full synchronous host API
Encaps,32768,128,256,358.883309,91305.44435545204,3,7,full synchronous host API
Decaps,32768,128,256,401.373607,81639.64802000546,3,7,full synchronous host API
KeyGen,32768,192,171,262.757779,124708.01102333871,3,7,full synchronous host API
Encaps,32768,192,171,362.491476,90396.60838811008,3,7,full synchronous host API
Decaps,32768,192,171,405.864282,80736.34821602755,3,7,full synchronous host API
KeyGen,32768,256,128,259.613391,126218.4507269889,3,7,full synchronous host API
Encaps,32768,256,128,361.189289,90722.5130920203,3,7,full synchronous host API
Decaps,32768,256,128,403.252918,81259.17640600928,3,7,full synchronous host API
